id,c
1,http://dbpedia.org/resource/Category:Virtual_reality_organizations
2,http://dbpedia.org/resource/Category:Virtual_reality_communities
3,http://dbpedia.org/resource/Category:Holography
4,http://dbpedia.org/resource/Category:Virtual_reality_games
5,http://dbpedia.org/resource/Category:Virtual_reality_works
6,http://dbpedia.org/resource/Category:Virtual_reality_in_fiction
7,http://dbpedia.org/resource/Category:Haptic_technology
8,http://dbpedia.org/resource/Category:Ray_tracing_(graphics)
9,http://dbpedia.org/resource/Category:Psychoacoustics
10,http://dbpedia.org/resource/Category:Mixed_reality
11,http://dbpedia.org/resource/Category:Virtual_reality_pioneers
12,http://dbpedia.org/resource/Category:Virtual_avatars
13,http://dbpedia.org/resource/Category:Virtual_economy
14,http://dbpedia.org/resource/Category:Virtual_reality_headsets
15,http://dbpedia.org/resource/Category:Video_gaming
16,http://dbpedia.org/resource/Category:DVD_interactive_technology
17,http://dbpedia.org/resource/Category:CD-ROM-based_consoles
18,http://dbpedia.org/resource/Category:Online_gaming_services
19,http://dbpedia.org/resource/Category:ALL.Net_games
20,http://dbpedia.org/resource/Category:Dedicated_consoles
21,http://dbpedia.org/resource/Category:Digital_rights_management
22,http://dbpedia.org/resource/Category:NESiCAxLive_games
23,http://dbpedia.org/resource/Category:Pack-in_video_games
24,http://dbpedia.org/resource/Category:Free-to-play_video_games
25,http://dbpedia.org/resource/Category:Video_game_compilations
26,http://dbpedia.org/resource/Category:Video_game_expansion_packs
27,http://dbpedia.org/resource/Category:Cloud_gaming
28,http://dbpedia.org/resource/Category:Video_games_with_downloadable_content
29,http://dbpedia.org/resource/Category:Episodic_video_games
30,http://dbpedia.org/resource/Category:Video_game_retailers
31,http://dbpedia.org/resource/Category:Video_game_downloadable_content_packs
32,http://dbpedia.org/resource/Category:LaserDisc_video_games
33,http://dbpedia.org/resource/Category:Cloud_gaming_services
34,http://dbpedia.org/resource/Category:Video_game_downloadable_content
35,http://dbpedia.org/resource/Category:Online_video_game_services
36,http://dbpedia.org/resource/Category:Subscription_video_game_services
37,http://dbpedia.org/resource/Category:Video_game_platform_emulators
38,http://dbpedia.org/resource/Category:Video_game_art
39,http://dbpedia.org/resource/Category:Works_about_video_games
40,http://dbpedia.org/resource/Category:LGBT_and_video_games
41,http://dbpedia.org/resource/Category:Gender_and_video_games
42,http://dbpedia.org/resource/Category:Works_based_on_video_games
43,http://dbpedia.org/resource/Category:Video_game_censorship
44,http://dbpedia.org/resource/Category:Video_game_memes
45,http://dbpedia.org/resource/Category:Video_game_fandom
46,http://dbpedia.org/resource/Category:Video_game_journalism
47,http://dbpedia.org/resource/Category:Years_in_video_gaming
48,http://dbpedia.org/resource/Category:Video_game_law
49,http://dbpedia.org/resource/Category:Speedrunning
50,http://dbpedia.org/resource/Category:Video_game_websites
51,http://dbpedia.org/resource/Category:Video_game_webcomics
52,http://dbpedia.org/resource/Category:Video_game_cheating
53,http://dbpedia.org/resource/Category:Violence_in_video_games
54,http://dbpedia.org/resource/Category:Video_arcades
55,http://dbpedia.org/resource/Category:Gamer_advocacy_groups
56,http://dbpedia.org/resource/Category:Game_jams
57,http://dbpedia.org/resource/Category:People_in_the_video_game_industry
58,http://dbpedia.org/resource/Category:Video_game_awards
59,http://dbpedia.org/resource/Category:Harassment_incidents_in_video_games
60,http://dbpedia.org/resource/Category:Video_game_museums
61,http://dbpedia.org/resource/Category:Esports
62,http://dbpedia.org/resource/Category:Video_game_video_content
63,http://dbpedia.org/resource/Category:Twitch_streamers
64,http://dbpedia.org/resource/Category:Let's_Players
65,http://dbpedia.org/resource/Category:Video_gaming_by_year
66,http://dbpedia.org/resource/Category:Bad_technology
67,http://dbpedia.org/resource/Category:Criticism_of_bad_technology
68,http://dbpedia.org/resource/Category:Bad_television
69,http://dbpedia.org/resource/Category:Twitch_(service)_streamers
70,http://dbpedia.org/resource/Category:Cheating_in_video_games
71,http://dbpedia.org/resource/Category:HTC_Vive_games
72,http://dbpedia.org/resource/Category:PlayStation_VR_games
73,http://dbpedia.org/resource/Category:Oculus_Rift_games
74,http://dbpedia.org/resource/Category:Virtual_Boy_games
75,http://dbpedia.org/resource/Category:Samsung_Gear_games
76,http://dbpedia.org/resource/Category:Oculus_Quest_games
77,http://dbpedia.org/resource/Category:Valve_Index_games
78,http://dbpedia.org/resource/Category:Game_researchers
79,http://dbpedia.org/resource/Category:Video_game_conferences
80,http://dbpedia.org/resource/Category:Video_game_universities
81,http://dbpedia.org/resource/Category:Holography_in_films
82,http://dbpedia.org/resource/Category:Fictional_illusionists
83,http://dbpedia.org/resource/Category:Holography_in_television
84,http://dbpedia.org/resource/Category:Dead_Space_games
85,http://dbpedia.org/resource/Category:Dead_Space_(franchise)_games
86,http://dbpedia.org/resource/Category:Marathon_(video_game)
87,http://dbpedia.org/resource/Category:Die_Hard_arcade_and_video_games
88,http://dbpedia.org/resource/Category:Video_games_with_expansion_packs
89,http://dbpedia.org/resource/Category:Video_game_remakes
90,http://dbpedia.org/resource/Category:Video_game_franchises_by_year
91,http://dbpedia.org/resource/Category:Arcade_game_franchises
92,http://dbpedia.org/resource/Category:Splinter_Cell
93,http://dbpedia.org/resource/Category:Rainbow_Six
94,http://dbpedia.org/resource/Category:Video_game_lists_by_franchise
95,http://dbpedia.org/resource/Category:Video_games_based_on_Star_Trek
96,http://dbpedia.org/resource/Category:Spy_Fox
97,http://dbpedia.org/resource/Category:Quake
98,http://dbpedia.org/resource/Category:Wikipedia_categories_named_after_video_game_franchises
99,http://dbpedia.org/resource/Category:Unreal
100,http://dbpedia.org/resource/Category:Video_game_franchises_by_company
101,http://dbpedia.org/resource/Category:Civilization_franchise
102,http://dbpedia.org/resource/Category:Ghost_Recon
103,http://dbpedia.org/resource/Category:Siren
104,http://dbpedia.org/resource/Category:Spore_(2008_video_game)
105,http://dbpedia.org/resource/Category:Driver_series
106,http://dbpedia.org/resource/Category:Wolfenstein_series
107,http://dbpedia.org/resource/Category:Mafia_series
108,http://dbpedia.org/resource/Category:Fable
109,http://dbpedia.org/resource/Category:Hitman_(series)
110,http://dbpedia.org/resource/Category:Tengai_Maky?
111,http://dbpedia.org/resource/Category:Anno_(video_game_series)
112,http://dbpedia.org/resource/Category:Just_Dance
113,http://dbpedia.org/resource/Category:Works_based_on_video_games_by_franchise
114,http://dbpedia.org/resource/Category:Video_game_remasters
115,http://dbpedia.org/resource/Category:Video_game_series_by_genre
116,http://dbpedia.org/resource/Category:Everybody's_Golf
117,http://dbpedia.org/resource/Category:Tales_(video_game_series)
118,http://dbpedia.org/resource/Category:Atlantis_(video_game_series)
119,http://dbpedia.org/resource/Category:Lists_of_video_game_franchises
120,http://dbpedia.org/resource/Category:Video_game_franchises_by_decade
121,http://dbpedia.org/resource/Category:Video_game_franchises_by_year_of_disestablishment
122,http://dbpedia.org/resource/Category:Video_game_franchises_by_century
123,http://dbpedia.org/resource/Category:Bus_Simulator_series
124,http://dbpedia.org/resource/Category:S.T.A.L.K.E.R._(series)
125,http://dbpedia.org/resource/Category:Video_game_franchises_by_year_of_introduction
126,http://dbpedia.org/resource/Category:Video_game_franchises_by_genre
127,http://dbpedia.org/resource/Category:Bus_Simulator
128,http://dbpedia.org/resource/Category:S.T.A.L.K.E.R.
129,http://dbpedia.org/resource/Category:Video_games_based_on_Wacky_Races
130,http://dbpedia.org/resource/Category:Arcade_video_game_franchises
131,http://dbpedia.org/resource/Category:Arcade_hardware
132,http://dbpedia.org/resource/Category:Video_game_storage_media
133,http://dbpedia.org/resource/Category:Nintendo_hardware
134,http://dbpedia.org/resource/Category:Japan-only_video_game_hardware
135,http://dbpedia.org/resource/Category:Video_game_accessories
136,http://dbpedia.org/resource/Category:Video_game_platforms
137,http://dbpedia.org/resource/Category:Modchips
138,http://dbpedia.org/resource/Category:Microsoft_video_game_hardware
139,http://dbpedia.org/resource/Category:Video_games_by_theme
140,http://dbpedia.org/resource/Category:History_of_video_games
141,http://dbpedia.org/resource/Category:Advergames
142,http://dbpedia.org/resource/Category:Video_games_by_genre
143,http://dbpedia.org/resource/Category:Video_games_by_game_engine
144,http://dbpedia.org/resource/Category:Video_gaming_operating_systems
145,http://dbpedia.org/resource/Category:Video_games_adapted_into_novels
146,http://dbpedia.org/resource/Category:Video_games_by_company
147,http://dbpedia.org/resource/Category:Video_games_by_development_status
148,http://dbpedia.org/resource/Category:Video_games_by_graphical_style
149,http://dbpedia.org/resource/Category:Video_games_by_setting
150,http://dbpedia.org/resource/Category:Video_games_by_source
151,http://dbpedia.org/resource/Category:Video_games_by_year
152,http://dbpedia.org/resource/Category:Wikipedia_categories_named_after_games
153,http://dbpedia.org/resource/Category:Video_games_with_6_degrees_of_freedom
154,http://dbpedia.org/resource/Category:Video_game_lists
155,http://dbpedia.org/resource/Category:Video_games_by_software_license
156,http://dbpedia.org/resource/Category:Video_games_by_platform
157,http://dbpedia.org/resource/Category:Video_games_with_alternate_versions
158,http://dbpedia.org/resource/Category:Video_game_mods
159,http://dbpedia.org/resource/Category:Video_games_containing_microtransactions
160,http://dbpedia.org/resource/Category:Video_games_by_language
161,http://dbpedia.org/resource/Category:Video_gaming_by_country
162,http://dbpedia.org/resource/Category:Video_games_by_country
163,http://dbpedia.org/resource/Category:Video_games_by_staff
164,http://dbpedia.org/resource/Category:Lists_of_video_games_from_5th_generation_video_game_consoles_in_chronological_order
165,http://dbpedia.org/resource/Category:Lists_of_video_games_from_6th_generation_video_game_consoles_in_chronological_order
166,http://dbpedia.org/resource/Category:Video_games_by_physics_engine
167,http://dbpedia.org/resource/Category:Video_games_by_narrative_form
168,http://dbpedia.org/resource/Category:Video_games_by_century
169,http://dbpedia.org/resource/Category:Video_games_by_type_of_adaptation
170,http://dbpedia.org/resource/Category:Video_games_by_character
171,http://dbpedia.org/resource/Category:Hackers_in_video_games
172,http://dbpedia.org/resource/Category:Motion_capture_in_video_games
173,http://dbpedia.org/resource/Category:Video_games_by_decade
174,http://dbpedia.org/resource/Category:New_Retro_Games
175,http://dbpedia.org/resource/Category:Quotations_from_video_games
176,http://dbpedia.org/resource/Category:Video_games_by_gameplay_element
177,http://dbpedia.org/resource/Category:Hunting_in_video_games
178,http://dbpedia.org/resource/Category:Video_games_with_permanent_death
179,http://dbpedia.org/resource/Category:Video_games_using_code_wheel_copy_protection
180,http://dbpedia.org/resource/Category:New_media_art
181,http://dbpedia.org/resource/Category:Video_games
182,http://dbpedia.org/resource/Category:Web_documentaries
183,http://dbpedia.org/resource/Category:Interactive_films
184,http://dbpedia.org/resource/Category:Video_game_development_competitions
185,http://dbpedia.org/resource/Category:Video_game_festivals
186,http://dbpedia.org/resource/Category:Video_game_conventions
187,http://dbpedia.org/resource/Category:Video_game_exhibitions
188,http://dbpedia.org/resource/Category:Nintendo_events
189,http://dbpedia.org/resource/Category:Machinima_based_on_Second_Life
190,http://dbpedia.org/resource/Category:Second_Life_screenshots
191,http://dbpedia.org/resource/Category:Video_games_with_commentaries
192,http://dbpedia.org/resource/Category:Video_game_sound
193,http://dbpedia.org/resource/Category:Video_game_development_companies
194,http://dbpedia.org/resource/Category:Video_game_development_software
195,http://dbpedia.org/resource/Category:Video_game_engines
196,http://dbpedia.org/resource/Category:Simple_DirectMedia_Layer
197,http://dbpedia.org/resource/Category:Game_artificial_intelligence
198,http://dbpedia.org/resource/Category:3D_scenegraph_APIs
199,http://dbpedia.org/resource/Category:Video_game_design
200,http://dbpedia.org/resource/Category:Video_game_localization
201,http://dbpedia.org/resource/Category:Video_game_development_websites
202,http://dbpedia.org/resource/Category:Video_game_developers
203,http://dbpedia.org/resource/Category:GPGPU
204,http://dbpedia.org/resource/Category:Video_game_boot_disks
205,http://dbpedia.org/resource/Category:Video_game_glitches
206,http://dbpedia.org/resource/Category:Second_party_video_game_sequels
207,http://dbpedia.org/resource/Category:Video_game_modification_tools
208,http://dbpedia.org/resource/Category:Ren'Py_games_and_visual_novels
209,http://dbpedia.org/resource/Category:Video_games_that_support_Vulkan
210,http://dbpedia.org/resource/Category:SDL_programs
211,http://dbpedia.org/resource/Category:Video_games_that_support_DirectX_12
212,http://dbpedia.org/resource/Category:Ren'Py_games
213,http://dbpedia.org/resource/Category:Video_games_that_support_Vulkan_(API)
214,http://dbpedia.org/resource/Category:Game_development
215,http://dbpedia.org/resource/Category:Cancelled_Virtual_Boy_games
216,http://dbpedia.org/resource/Category:Virtual_Boy_game_covers
217,http://dbpedia.org/resource/Category:Screenshots_of_Virtual_Boy_games
218,http://dbpedia.org/resource/Category:Digimon_anime_and_manga
219,http://dbpedia.org/resource/Category:Digimon_lists
220,http://dbpedia.org/resource/Category:Digimon_media
221,http://dbpedia.org/resource/Category:Digimon_video_games
222,http://dbpedia.org/resource/Category:Digimon_mass_media
223,http://dbpedia.org/resource/Category:Augmented_reality_in_fiction
224,http://dbpedia.org/resource/Category:Augmented_reality_applications
225,http://dbpedia.org/resource/Category:.hack_anime_and_manga
226,http://dbpedia.org/resource/Category:.hack_video_games
227,http://dbpedia.org/resource/Category:.hack_character_redirects_to_lists
228,http://dbpedia.org/resource/Category:Pac-Man_media
229,http://dbpedia.org/resource/Category:Capcom_media
230,http://dbpedia.org/resource/Category:Day_of_Defeat_media
231,http://dbpedia.org/resource/Category:Dota_media
232,http://dbpedia.org/resource/Category:Team_Fortress_media
233,http://dbpedia.org/resource/Category:Dead_or_Alive_(series)_media
234,http://dbpedia.org/resource/Category:Mortal_Kombat_media
235,http://dbpedia.org/resource/Category:Five_Nights_at_Freddy's_media
236,http://dbpedia.org/resource/Category:Ratchet_&_Clank_media
237,http://dbpedia.org/resource/Category:Angry_Birds_media
238,http://dbpedia.org/resource/Category:Call_of_Duty_media
239,http://dbpedia.org/resource/Category:R-Type_media
240,http://dbpedia.org/resource/Category:Namco_media
241,http://dbpedia.org/resource/Category:Blizzard_Entertainment_media
242,http://dbpedia.org/resource/Category:Konami_media
243,http://dbpedia.org/resource/Category:Video_game_covers
244,http://dbpedia.org/resource/Category:Arcade_flyer_images
245,http://dbpedia.org/resource/Category:Fair_use_images_of_video_game_posters
246,http://dbpedia.org/resource/Category:Video_game_logos
247,http://dbpedia.org/resource/Category:Nintendo_media
248,http://dbpedia.org/resource/Category:Doom_media
249,http://dbpedia.org/resource/Category:Earthworm_Jim_media
250,http://dbpedia.org/resource/Category:Screenshots_of_video_games
251,http://dbpedia.org/resource/Category:Enix_media
252,http://dbpedia.org/resource/Category:RuneScape_media
253,http://dbpedia.org/resource/Category:Game_developer_logos
254,http://dbpedia.org/resource/Category:Square_Enix_media
255,http://dbpedia.org/resource/Category:Xeno_(series)_media
256,http://dbpedia.org/resource/Category:Type-Moon_images
257,http://dbpedia.org/resource/Category:Sega_media
258,http://dbpedia.org/resource/Category:Rock_Band_series_images
259,http://dbpedia.org/resource/Category:Command_&_Conquer_media
260,http://dbpedia.org/resource/Category:Total_War_media
261,http://dbpedia.org/resource/Category:Tri-Ace_media
262,http://dbpedia.org/resource/Category:Halo_media
263,http://dbpedia.org/resource/Category:Half-Life_media
264,http://dbpedia.org/resource/Category:Valve_Corporation_media
265,http://dbpedia.org/resource/Category:Crash_Bandicoot_media
266,http://dbpedia.org/resource/Category:Need_for_Speed_media
267,http://dbpedia.org/resource/Category:The_Elder_Scrolls_media
268,http://dbpedia.org/resource/Category:Level-5_(company)_media
269,http://dbpedia.org/resource/Category:Images_by_video_game
270,http://dbpedia.org/resource/Category:Transformers_video_game_images
271,http://dbpedia.org/resource/Category:Game-Maker_media
272,http://dbpedia.org/resource/Category:Guilty_Gear_media
273,http://dbpedia.org/resource/Category:G.I._Joe_video_game_images
274,http://dbpedia.org/resource/Category:Video_game_character_artwork
275,http://dbpedia.org/resource/Category:Assassin's_Creed_media
276,http://dbpedia.org/resource/Category:Ninja_Gaiden_media
277,http://dbpedia.org/resource/Category:Touhou_Project_media
278,http://dbpedia.org/resource/Category:Atelier_(video_game_series)_media
279,http://dbpedia.org/resource/Category:Dead_or_Alive_(franchise)_media
280,http://dbpedia.org/resource/Category:Square_(video_game_company)_media
281,http://dbpedia.org/resource/Category:Total_War_(video_game_series)_media
282,http://dbpedia.org/resource/Category:Half-Life_(series)_mass_media
283,http://dbpedia.org/resource/Category:Halo_(franchise)_mass_media
284,http://dbpedia.org/resource/Category:Earthworm_Jim_mass_media
285,http://dbpedia.org/resource/Category:Doom_(franchise)_mass_media
286,http://dbpedia.org/resource/Category:Spyro_media
287,http://dbpedia.org/resource/Category:Doom_mass_media
288,http://dbpedia.org/resource/Category:Video_game_theme_songs
289,http://dbpedia.org/resource/Category:Band-centric_video_games
290,http://dbpedia.org/resource/Category:Video_game_concert_tours
291,http://dbpedia.org/resource/Category:Video_game_music_websites
292,http://dbpedia.org/resource/Category:Video_game_musicians
293,http://dbpedia.org/resource/Category:Chiptune
294,http://dbpedia.org/resource/Category:Music_video_games
295,http://dbpedia.org/resource/Category:Musician_video_games
296,http://dbpedia.org/resource/Category:Video_game_music_file_formats
297,http://dbpedia.org/resource/Category:Key_Sounds_Label
298,http://dbpedia.org/resource/Category:Video_game_soundtracks
299,http://dbpedia.org/resource/Category:Commodore_64_music
300,http://dbpedia.org/resource/Category:Video_game_music_discographies
301,http://dbpedia.org/resource/Category:Nintendocore
302,http://dbpedia.org/resource/Category:Video_game_music_technology
303,http://dbpedia.org/resource/Category:Ludomusicology
304,http://dbpedia.org/resource/Category:Songs_written_for_video_games
305,http://dbpedia.org/resource/Category:Video_game_companies
306,http://dbpedia.org/resource/Category:Video_game_controversies
307,http://dbpedia.org/resource/Category:Video_game_marketing
308,http://dbpedia.org/resource/Category:Video_game_organizations
309,http://dbpedia.org/resource/Category:Video_game_trade_associations
310,http://dbpedia.org/resource/Category:Independent_video_game_developers
311,http://dbpedia.org/resource/Category:Pay_what_you_want_game_vendors
312,http://dbpedia.org/resource/Category:Video_games_by_monetization_approach
313,http://dbpedia.org/resource/Category:Impact_of_the_September_11_attacks_on_the_video_game_industry
314,http://dbpedia.org/resource/Category:Impact_of_the_2019%E2%80%9320_coronavirus_pandemic_on_the_video_game_industry
315,http://dbpedia.org/resource/Category:Impact_of_the_COVID-19_pandemic_on_the_video_game_industry
316,http://dbpedia.org/resource/Category:Browser-based_multiplayer_online_games
317,http://dbpedia.org/resource/Category:Massively_multiplayer_online_turn-based_strategy_games
318,http://dbpedia.org/resource/Category:Massively_multiplayer_online_first-person_shooter_games
319,http://dbpedia.org/resource/Category:Massively_multiplayer_online_role-playing_games
320,http://dbpedia.org/resource/Category:Neopets
321,http://dbpedia.org/resource/Category:Massively_multiplayer_online_real-time_strategy_games
322,http://dbpedia.org/resource/Category:Text-based_multiplayer_online_games
323,http://dbpedia.org/resource/Category:Roblox
324,http://dbpedia.org/resource/Category:Massively_multiplayer_online_games_by_status
325,http://dbpedia.org/resource/Category:Location-based_games
326,http://dbpedia.org/resource/Category:Online_games
327,http://dbpedia.org/resource/Category:Alternate_reality_games
328,http://dbpedia.org/resource/Category:Educational_video_games
329,http://dbpedia.org/resource/Category:Tile-based_video_games
330,http://dbpedia.org/resource/Category:Art_games
331,http://dbpedia.org/resource/Category:Casual_games
332,http://dbpedia.org/resource/Category:Propaganda_video_games
333,http://dbpedia.org/resource/Category:ESports_games
334,http://dbpedia.org/resource/Category:Fictional_video_games
335,http://dbpedia.org/resource/Category:Casual_video_games
336,http://dbpedia.org/resource/Category:Advergaming
337,http://dbpedia.org/resource/Category:Perspective_games
338,http://dbpedia.org/resource/Category:Vertically_oriented_video_games
339,http://dbpedia.org/resource/Category:Head-to-head_arcade_games
340,http://dbpedia.org/resource/Category:Paddle-and-ball_video_games
341,http://dbpedia.org/resource/Category:Side-scrolling_video_games
342,http://dbpedia.org/resource/Category:Video_game_spin-offs
343,http://dbpedia.org/resource/Category:Eroge
344,http://dbpedia.org/resource/Category:Pachislot_video_games
345,http://dbpedia.org/resource/Category:Indie_video_games
346,http://dbpedia.org/resource/Category:Exergames
347,http://dbpedia.org/resource/Category:Pachinko_video_games
348,http://dbpedia.org/resource/Category:Programming_games
349,http://dbpedia.org/resource/Category:Exploration_video_games
350,http://dbpedia.org/resource/Category:Crossover_video_games
351,http://dbpedia.org/resource/Category:Marble_games
352,http://dbpedia.org/resource/Category:Budget_ranges
353,http://dbpedia.org/resource/Category:Western_(genre)_video_games
354,http://dbpedia.org/resource/Category:Minigames
355,http://dbpedia.org/resource/Category:Weird_fiction_video_games
356,http://dbpedia.org/resource/Category:Satirical_video_games
357,http://dbpedia.org/resource/Category:Head-to-head_arcade_video_games
358,http://dbpedia.org/resource/Category:Code_Lyoko_images
359,http://dbpedia.org/resource/Category:Video_games_based_on_Code_Lyoko
360,http://dbpedia.org/resource/Category:Films_about_telepresence
361,http://dbpedia.org/resource/Category:Films_about_simulated_reality
362,http://dbpedia.org/resource/Category:Esports_by_country
363,http://dbpedia.org/resource/Category:Video_gaming_in_Lithuania
364,http://dbpedia.org/resource/Category:Video_gaming_in_Germany
365,http://dbpedia.org/resource/Category:Video_gaming_in_Taiwan
366,http://dbpedia.org/resource/Category:Video_games_by_country_of_publisher
367,http://dbpedia.org/resource/Category:Video_gaming_in_Uruguay
368,http://dbpedia.org/resource/Category:Video_gaming_in_the_United_States
369,http://dbpedia.org/resource/Category:Video_games_by_country_of_developer
370,http://dbpedia.org/resource/Category:Video_gaming_in_Brazil
371,http://dbpedia.org/resource/Category:Video_gaming_in_Sweden
372,http://dbpedia.org/resource/Category:Video_gaming_in_the_Netherlands
373,http://dbpedia.org/resource/Category:Video_gaming_in_Australia
374,http://dbpedia.org/resource/Category:Video_gaming_in_France
375,http://dbpedia.org/resource/Category:Video_gaming_in_Italy
376,http://dbpedia.org/resource/Category:Video_game_companies_by_country
377,http://dbpedia.org/resource/Category:Video_gaming_in_Bulgaria
378,http://dbpedia.org/resource/Category:Video_gaming_in_Spain
379,http://dbpedia.org/resource/Category:Video_gaming_in_Israel
380,http://dbpedia.org/resource/Category:Video_gaming_in_the_United_Kingdom
381,http://dbpedia.org/resource/Category:Video_gaming_in_Turkey
382,http://dbpedia.org/resource/Category:Video_gaming_in_Japan
383,http://dbpedia.org/resource/Category:Video_gaming_in_Russia
384,http://dbpedia.org/resource/Category:Video_gaming_in_Croatia
385,http://dbpedia.org/resource/Category:Video_gaming_in_Hungary
386,http://dbpedia.org/resource/Category:Video_gaming_in_Norway
387,http://dbpedia.org/resource/Category:Video_gaming_in_Poland
388,http://dbpedia.org/resource/Category:Video_gaming_in_Ukraine
389,http://dbpedia.org/resource/Category:Video_gaming_in_New_Zealand
390,http://dbpedia.org/resource/Category:Video_game_magazines_by_country
391,http://dbpedia.org/resource/Category:Video_gaming_in_China
392,http://dbpedia.org/resource/Category:Video_gaming_in_Finland
393,http://dbpedia.org/resource/Category:Video_gaming_in_Malaysia
394,http://dbpedia.org/resource/Category:Video_gaming_in_Portugal
395,http://dbpedia.org/resource/Category:Video_gaming_in_Denmark
396,http://dbpedia.org/resource/Category:Video_gaming_in_Serbia
397,http://dbpedia.org/resource/Category:Video_gaming_in_Romania
398,http://dbpedia.org/resource/Category:Video_gaming_in_Canada
399,http://dbpedia.org/resource/Category:Video_gaming_in_the_Czech_Republic
400,http://dbpedia.org/resource/Category:Region-exclusive_video_games
401,http://dbpedia.org/resource/Category:Video_gaming_in_Iran
402,http://dbpedia.org/resource/Category:Video_gaming_in_Iceland
403,http://dbpedia.org/resource/Category:Video_gaming_in_Colombia
404,http://dbpedia.org/resource/Category:Video_gaming_in_India
405,http://dbpedia.org/resource/Category:Video_gaming_in_Ireland
406,http://dbpedia.org/resource/Category:Video_gaming_in_Slovakia
407,http://dbpedia.org/resource/Category:Video_gaming_in_South_Africa
408,http://dbpedia.org/resource/Category:Video_gaming_in_Thailand
409,http://dbpedia.org/resource/Category:Video_gaming_in_Belgium
410,http://dbpedia.org/resource/Category:Video_gaming_in_the_United_Arab_Emirates
411,http://dbpedia.org/resource/Category:Video_gaming_in_South_Korea
412,http://dbpedia.org/resource/Category:Video_gaming_in_Argentina
413,http://dbpedia.org/resource/Category:Video_gaming_in_Austria
414,http://dbpedia.org/resource/Category:Video_gaming_in_Belarus
415,http://dbpedia.org/resource/Category:Video_gaming_in_Pakistan
416,http://dbpedia.org/resource/Category:Video_gaming_in_Kenya
417,http://dbpedia.org/resource/Category:Video_gaming_in_Chile
418,http://dbpedia.org/resource/Category:Video_gaming_in_Nigeria
419,http://dbpedia.org/resource/Category:Video_gaming_in_Saudi_Arabia
420,http://dbpedia.org/resource/Category:Video_gaming_in_Bangladesh
421,http://dbpedia.org/resource/Category:Video_gaming_in_Cyprus
422,http://dbpedia.org/resource/Category:Video_gaming_in_Ghana
423,http://dbpedia.org/resource/Category:Video_gaming_in_the_Philippines
424,http://dbpedia.org/resource/Category:People_in_the_video_game_industry_by_nationality
425,http://dbpedia.org/resource/Category:Video_gaming_in_Estonia
426,http://dbpedia.org/resource/Category:Video_gaming_in_Greece
427,http://dbpedia.org/resource/Category:Video_gaming_in_Venezuela
428,http://dbpedia.org/resource/Category:Video_gaming_in_Switzerland
429,http://dbpedia.org/resource/Category:Video_gaming_in_Mexico
430,http://dbpedia.org/resource/Category:Video_gaming_in_Jordan
431,http://dbpedia.org/resource/Category:Video_gaming_in_Tunisia
432,http://dbpedia.org/resource/Category:Video_gaming_in_Egypt
433,http://dbpedia.org/resource/Category:Video_gaming_in_Singapore
434,http://dbpedia.org/resource/Category:Video_gaming_in_Armenia
435,http://dbpedia.org/resource/Category:Video_gaming_in_Indonesia
436,http://dbpedia.org/resource/Category:Video_gaming_in_Lebanon
437,http://dbpedia.org/resource/Category:Video_gaming_in_Vietnam
438,http://dbpedia.org/resource/Category:Video_gaming_in_Peru
439,http://dbpedia.org/resource/Category:Video_games_in_Germany
440,http://dbpedia.org/resource/Category:Video_games_in_Zimbabwe
441,http://dbpedia.org/resource/Category:Video_games_in_Argentina
442,http://dbpedia.org/resource/Category:Video_games_in_Belarus
443,http://dbpedia.org/resource/Category:Video_games_in_Armenia
444,http://dbpedia.org/resource/Category:Video_games_in_Austria
445,http://dbpedia.org/resource/Category:Video_games_in_Bulgaria
446,http://dbpedia.org/resource/Category:Video_games_in_Estonia
447,http://dbpedia.org/resource/Category:Video_games_in_Croatia
448,http://dbpedia.org/resource/Category:Video_games_in_Denmark
449,http://dbpedia.org/resource/Category:Video_games_in_Cyprus
450,http://dbpedia.org/resource/Category:Video_games_in_Chile
451,http://dbpedia.org/resource/Category:Video_games_in_Mexico
452,http://dbpedia.org/resource/Category:Video_games_in_Hungary
453,http://dbpedia.org/resource/Category:Video_games_in_Lebanon
454,http://dbpedia.org/resource/Category:Video_games_in_Jordan
455,http://dbpedia.org/resource/Category:Video_games_in_Norway
456,http://dbpedia.org/resource/Category:Video_games_in_Iceland
457,http://dbpedia.org/resource/Category:Video_games_in_Italy
458,http://dbpedia.org/resource/Category:Video_games_in_Greece
459,http://dbpedia.org/resource/Category:Video_games_in_Iran
460,http://dbpedia.org/resource/Category:Video_games_in_Israel
461,http://dbpedia.org/resource/Category:Video_games_in_Sweden
462,http://dbpedia.org/resource/Category:Video_games_in_Thailand
463,http://dbpedia.org/resource/Category:Video_games_in_Romania
464,http://dbpedia.org/resource/Category:Video_games_in_Singapore
465,http://dbpedia.org/resource/Category:Video_games_in_Switzerland
466,http://dbpedia.org/resource/Category:Video_games_in_Saudi_Arabia
467,http://dbpedia.org/resource/Category:Video_games_in_Slovakia
468,http://dbpedia.org/resource/Category:Video_games_in_Taiwan
469,http://dbpedia.org/resource/Category:Video_games_in_Pakistan
470,http://dbpedia.org/resource/Category:Video_games_in_Poland
471,http://dbpedia.org/resource/Category:Video_games_in_Serbia
472,http://dbpedia.org/resource/Category:Video_games_in_Portugal
473,http://dbpedia.org/resource/Category:Video_games_in_Uruguay
474,http://dbpedia.org/resource/Category:Video_games_in_Tunisia
475,http://dbpedia.org/resource/Category:Video_games_in_Venezuela
476,http://dbpedia.org/resource/Category:Video_games_in_Vietnam
477,http://dbpedia.org/resource/Category:Video_games_in_the_United_Arab_Emirates
478,http://dbpedia.org/resource/Category:Video_games_in_the_United_States
479,http://dbpedia.org/resource/Category:Video_gaming_in_Zimbabwe
480,http://dbpedia.org/resource/Category:Video_games_in_Australia
481,http://dbpedia.org/resource/Category:Video_games_in_Bangladesh
482,http://dbpedia.org/resource/Category:Video_games_in_Brazil
483,http://dbpedia.org/resource/Category:Video_games_in_Canada
484,http://dbpedia.org/resource/Category:Video_games_in_Ghana
485,http://dbpedia.org/resource/Category:Video_games_in_France
486,http://dbpedia.org/resource/Category:Video_games_in_India
487,http://dbpedia.org/resource/Category:Video_games_in_Indonesia
488,http://dbpedia.org/resource/Category:Video_games_in_Lithuania
489,http://dbpedia.org/resource/Category:Video_games_in_Japan
490,http://dbpedia.org/resource/Category:Video_games_in_New_Zealand
491,http://dbpedia.org/resource/Category:Video_games_in_South_Africa
492,http://dbpedia.org/resource/Category:Video_games_in_Spain
493,http://dbpedia.org/resource/Category:Video_games_in_Ukraine
494,http://dbpedia.org/resource/Category:Video_games_in_the_Philippines
495,http://dbpedia.org/resource/Category:Video_games_in_the_Netherlands
496,http://dbpedia.org/resource/Category:Video_games_in_Ireland
497,http://dbpedia.org/resource/Category:Video_games_in_the_United_Kingdom
498,http://dbpedia.org/resource/Category:Video_gaming_in_Cameroon
499,http://dbpedia.org/resource/Category:Video_games_in_Belgium
500,http://dbpedia.org/resource/Category:Video_games_in_China
501,http://dbpedia.org/resource/Category:Video_games_in_Finland
502,http://dbpedia.org/resource/Category:Video_games_in_Kenya
503,http://dbpedia.org/resource/Category:Video_games_in_Malaysia
504,http://dbpedia.org/resource/Category:Video_games_in_Nigeria
505,http://dbpedia.org/resource/Category:Video_games_in_Russia
506,http://dbpedia.org/resource/Category:Video_games_in_South_Korea
507,http://dbpedia.org/resource/Category:Video_games_in_Turkey
508,http://dbpedia.org/resource/Category:Video_games_in_the_Czech_Republic
509,http://dbpedia.org/resource/Category:Video_games_in_Cameroon
510,http://dbpedia.org/resource/Category:Video_games_in_Peru
511,http://dbpedia.org/resource/Category:Video_game_species_and_races
512,http://dbpedia.org/resource/Category:Video_game_locations
513,http://dbpedia.org/resource/Category:Organizations_in_video_games
514,http://dbpedia.org/resource/Category:Video_game_items
515,http://dbpedia.org/resource/Category:Video_game_characters
516,http://dbpedia.org/resource/Category:Comics_adapted_into_video_games
517,http://dbpedia.org/resource/Category:Novels_adapted_into_video_games
518,http://dbpedia.org/resource/Category:Plays_adapted_into_video_games
519,http://dbpedia.org/resource/Category:Television_programs_adapted_into_video_games
520,http://dbpedia.org/resource/Category:Films_adapted_into_video_games
521,http://dbpedia.org/resource/Category:Radio_programs_adapted_into_video_games
522,http://dbpedia.org/resource/Category:Television_shows_adapted_into_video_games
523,http://dbpedia.org/resource/Category:Oculus_VR
524,http://dbpedia.org/resource/Category:Assassin's_Creed
525,http://dbpedia.org/resource/Category:The_Matrix_(franchise)
526,http://dbpedia.org/resource/Category:.hack
527,http://dbpedia.org/resource/Category:Westworld
528,http://dbpedia.org/resource/Category:Television_episodes_about_simulated_reality
529,http://dbpedia.org/resource/Category:Video_games_about_video_games
530,http://dbpedia.org/resource/Category:The_Annoying_Orange
531,http://dbpedia.org/resource/Category:Hololive_Production
532,http://dbpedia.org/resource/Category:Nijisanji
533,http://dbpedia.org/resource/Category:Years_of_the_20th_century_in_video_gaming
534,http://dbpedia.org/resource/Category:Years_of_the_21st_century_in_video_gaming
535,http://dbpedia.org/resource/Category:Video_game_companies_by_year_of_establishment
536,http://dbpedia.org/resource/Category:Esports_by_year
537,http://dbpedia.org/resource/Category:Years_of_the_20th_century_in_video_games
538,http://dbpedia.org/resource/Category:Years_of_the_21st_century_in_video_games
539,http://dbpedia.org/resource/Category:1990s_in_video_gaming
540,http://dbpedia.org/resource/Category:2000s_in_video_gaming
541,http://dbpedia.org/resource/Category:1940s_in_video_gaming
542,http://dbpedia.org/resource/Category:1950s_in_video_gaming
543,http://dbpedia.org/resource/Category:1960s_in_video_gaming
544,http://dbpedia.org/resource/Category:1970s_in_video_gaming
545,http://dbpedia.org/resource/Category:1980s_in_video_gaming
546,http://dbpedia.org/resource/Category:2010s_in_video_gaming
547,http://dbpedia.org/resource/Category:2020s_in_video_gaming
548,http://dbpedia.org/resource/Category:Esports_by_decade
549,http://dbpedia.org/resource/Category:Television_episodes_about_virtual_reality
550,http://dbpedia.org/resource/Category:Minecraft_media
551,http://dbpedia.org/resource/Category:Assassin's_Creed_media_files
552,http://dbpedia.org/resource/Category:Angry_Birds_media_files
553,http://dbpedia.org/resource/Category:Atelier_(video_game_series)_media_files
554,http://dbpedia.org/resource/Category:Blizzard_Entertainment_media_files
555,http://dbpedia.org/resource/Category:Call_of_Duty_media_files
556,http://dbpedia.org/resource/Category:Namco_media_files
557,http://dbpedia.org/resource/Category:Need_for_Speed_media_files
558,http://dbpedia.org/resource/Category:Ninja_Gaiden_media_files
559,http://dbpedia.org/resource/Category:R-Type_media_files
560,http://dbpedia.org/resource/Category:Ratchet_&_Clank_media_files
561,http://dbpedia.org/resource/Category:Spyro_media_files
562,http://dbpedia.org/resource/Category:Team_Fortress_media_files
563,http://dbpedia.org/resource/Category:The_Elder_Scrolls_media_files
564,http://dbpedia.org/resource/Category:Total_War_(video_game_series)_media_files
565,http://dbpedia.org/resource/Category:Touhou_Project_media_files
566,http://dbpedia.org/resource/Category:Earthworm_Jim_media_files
567,http://dbpedia.org/resource/Category:Fire_Emblem_mass_media
568,http://dbpedia.org/resource/Category:Chrono_mass_media
569,http://dbpedia.org/resource/Category:Bomberman_media_files
570,http://dbpedia.org/resource/Category:Capcom_media_files
571,http://dbpedia.org/resource/Category:Command_&_Conquer_media_files
572,http://dbpedia.org/resource/Category:Crash_Bandicoot_media_files
573,http://dbpedia.org/resource/Category:Day_of_Defeat_media_files
574,http://dbpedia.org/resource/Category:Dead_or_Alive_(franchise)_media_files
575,http://dbpedia.org/resource/Category:Doom_(franchise)_mass_media_files
576,http://dbpedia.org/resource/Category:Dota_media_files
577,http://dbpedia.org/resource/Category:Earthworm_Jim_mass_media_files
578,http://dbpedia.org/resource/Category:Enix_media_files
579,http://dbpedia.org/resource/Category:Five_Nights_at_Freddy's_media_files
580,http://dbpedia.org/resource/Category:Game-Maker_media_files
581,http://dbpedia.org/resource/Category:Guilty_Gear_media_files
582,http://dbpedia.org/resource/Category:Half-Life_(series)_mass_media_files
583,http://dbpedia.org/resource/Category:Halo_(franchise)_mass_media_files
584,http://dbpedia.org/resource/Category:Konami_media_files
585,http://dbpedia.org/resource/Category:Level-5_(company)_media_files
586,http://dbpedia.org/resource/Category:Mortal_Kombat_media_files
587,http://dbpedia.org/resource/Category:Nintendo_media_files
588,http://dbpedia.org/resource/Category:RuneScape_media_files
589,http://dbpedia.org/resource/Category:Sega_media_files
590,http://dbpedia.org/resource/Category:Square_(video_game_company)_media_files
591,http://dbpedia.org/resource/Category:Square_Enix_media_files
592,http://dbpedia.org/resource/Category:Tri-Ace_media_files
593,http://dbpedia.org/resource/Category:Valve_Corporation_media_files
594,http://dbpedia.org/resource/Category:Xeno_(series)_media_files
595,http://dbpedia.org/resource/Category:Halo_(franchise)_media_files
596,http://dbpedia.org/resource/Category:Chrono_(series)_media_files
597,http://dbpedia.org/resource/Category:Arcade_video_game_flyer_images
598,http://dbpedia.org/resource/Category:Virtual_reality_companies
599,http://dbpedia.org/resource/Category:Metaplace
600,http://dbpedia.org/resource/Category:Second_Life
601,http://dbpedia.org/resource/Category:Massively_multiplayer_online_games
602,http://dbpedia.org/resource/Category:Holography_in_fiction
603,http://dbpedia.org/resource/Category:Holonomic_brain_theory
604,http://dbpedia.org/resource/Category:Holographic_data_storage
605,http://dbpedia.org/resource/Category:Holography_industry
606,http://dbpedia.org/resource/Category:Virtual_reality_films
607,http://dbpedia.org/resource/Category:Novels_about_virtual_reality
608,http://dbpedia.org/resource/Category:Tom_Clancy's_Net_Force
609,http://dbpedia.org/resource/Category:Digimon
610,http://dbpedia.org/resource/Category:Code_Lyoko
611,http://dbpedia.org/resource/Category:Films_about_virtual_reality
612,http://dbpedia.org/resource/Category:Simulated_reality_in_fiction
613,http://dbpedia.org/resource/Category:Video_games_about_virtual_reality
614,http://dbpedia.org/resource/Category:Television_shows_about_virtual_reality
615,http://dbpedia.org/resource/Category:Affective_haptics
616,http://dbpedia.org/resource/Category:Amiga_raytracers
617,http://dbpedia.org/resource/Category:HTC_Vive
618,http://dbpedia.org/resource/Category:Interactive_art
619,http://dbpedia.org/resource/Category:Augmented_reality
620,http://dbpedia.org/resource/Category:Mixed_reality_games
621,http://dbpedia.org/resource/Category:Oculus_Rift
622,http://dbpedia.org/resource/Category:Oculus_Quest
623,http://dbpedia.org/resource/Category:Avatar_characters_in_video_games
624,http://dbpedia.org/resource/Category:Virtual_YouTubers
625,http://dbpedia.org/resource/Category:Virtual_influencers
626,http://dbpedia.org/resource/Category:Virtual_economies
627,http://dbpedia.org/resource/Category:Fictional_currencies
628,http://dbpedia.org/resource/Category:Virtual_currency
629,http://dbpedia.org/resource/Category:Virtual_Boy
630,http://dbpedia.org/resource/Category:Video_game_distribution
631,http://dbpedia.org/resource/Category:Video_game_emulation
632,http://dbpedia.org/resource/Category:Virtual_reality
633,http://dbpedia.org/resource/Category:Video_game_culture
634,http://dbpedia.org/resource/Category:Study_of_video_games
635,http://dbpedia.org/resource/Category:Video_game_franchises
636,http://dbpedia.org/resource/Category:Video_game_hardware
637,http://dbpedia.org/resource/Category:Video_game_genres
638,http://dbpedia.org/resource/Category:Video_game_events
639,http://dbpedia.org/resource/Category:Video_game_development
640,http://dbpedia.org/resource/Category:Video_game_media
641,http://dbpedia.org/resource/Category:Video_game_music
642,http://dbpedia.org/resource/Category:Video_game_industry
643,http://dbpedia.org/resource/Category:Video_game_levels
644,http://dbpedia.org/resource/Category:Video_game_types
645,http://dbpedia.org/resource/Category:Fictional_content_in_video_games
646,http://dbpedia.org/resource/Category:Wikipedia_books_on_video_games
647,http://dbpedia.org/resource/Category:Works_adapted_into_video_games
648,http://dbpedia.org/resource/Category:Health_and_video_gaming
649,http://dbpedia.org/resource/Category:Video_gaming_by_century
650,http://dbpedia.org/resource/Category:Video_gaming_by_decade
651,http://dbpedia.org/resource/Category:Video_game_media_files
